{
  "accuracy": 0.9285714285714286,
  "init_size_bytes": 5386240,
  "proc_size_bytes": 233472,
  "process_time": 13.669870495563373,
  "audio_time": 3101.7898749999977
}