{
  "accuracy": 0.9285714285714286,
  "size_bytes": 5435392,
  "process_time": 13.669870495563373,
  "audio_time": 3101.7898749999977
}