{
  "accuracy": 0.9285714285714286,
  "size_bytes": 5345280,
  "process_time": 19.103493274189532,
  "audio_time": 3101.7898749999977
}