{
  "accuracy": 0.8503401360544217,
  "init_size_bytes": 118935552,
  "proc_size_bytes": 230600704,
  "process_time": 121.09208507509902,
  "audio_time": 3101.7898749999977
}