{
  "accuracy": 0.8503401360544217,
  "size_bytes": 120795136,
  "process_time": 160.56300774146803,
  "audio_time": 3101.7898749999977
}