{
  "accuracy": 0.8503401360544217,
  "size_bytes": 123281408,
  "process_time": 121.09208507509902,
  "audio_time": 3101.7898749999977
}